5ab9f71f-5d33-41f5-9bad-722c211b8298,1.2
67e17f3b-3013-4f85-85fb-bb77470fc10f,8.716666666666667
e902327e-d250-42c7-a5b1-060084533f36,16.2
0edbc4e5-240d-48cd-ad78-ef2ec274f38e,8.25
37cf963d-1212-446f-93b7-83b4e3a25c2d,21.033333333333335
9c9de11a-397a-4ae3-9680-a3aea05f150e,6.2
96b76724-71a4-426f-af30-046744fa3ee8,20.2
27242c77-22a6-4ceb-9768-7a3775d9bc4a,6.333333333333333
d5c40131-dfe4-4287-966b-50868f1caa2a,6.0
86605d82-6a4c-4f82-a3fd-8905cda3f669,18.4
31019e8e-e7c1-4c22-9457-a5b1e37755a4,13.366666666666667
68da63ae-6094-47dd-ba97-9de4908297a8,14.416666666666666
c592fdb0-1ccc-4daf-9335-34c46708f0ae,2.75
de9f36a9-3988-41b5-a9b2-c5a30030f87c,1380.0666666666666
2f329d9d-e5c1-42cb-b90c-ee9956305750,32.81666666666667
ac798d1d-54d8-47b4-8842-85c7c1fdab93,2.3333333333333335
f6c93941-642c-471d-ba99-4fe553f9ba05,21.866666666666667
41dd26c1-610f-4fef-b3fe-33bb7af5e378,14.433333333333334
e8aa4fc9-6b9f-42ce-a05c-ee397e1d5351,5.866666666666666
df069d13-a649-4360-9b3f-ae12c7d42185,22.366666666666667
5a6598de-8ae4-462e-b372-b437d964b10b,0.9166666666666666
97c28ddd-1aca-462c-bf20-c77c3d5185f8,28.683333333333334
2541ebba-191d-4c66-9411-c2d1887b3583,7.9
83c30fd4-a956-4072-bf6d-0c9aa853a1ee,16.766666666666666
d000fec0-5c33-4e02-9c93-9eba76b69f25,15.8
cf96315b-6d8b-4a3a-9e62-82c021aefe1a,14.25
49c23250-c9d3-4373-9801-1cc27406c3c5,8.083333333333334
d3ea965d-6e56-4bb0-a72b-bf66ddd062a9,13.633333333333333
b65c9c06-b7dc-4d5b-a9b6-b383ca4851d6,3.566666666666667
80537f01-1532-4879-8179-9cbc095859bc,0.03333333333333333
72387d4c-c259-442f-a581-e4bf52d6d61c,8.466666666666667
f5bc9312-2f50-4385-8c26-392274a8ec69,3.0833333333333335
839e035b-251f-441e-a72a-148141446c8e,7.483333333333333
fc816c6c-e62a-42c2-818e-8fad9f0510a9,16.116666666666667
1b78129e-9aae-47d8-9b5d-b6adad5c2b24,6.983333333333333
963374ac-89df-44b3-9973-6749e678b3cb,12.483333333333333
47c8cf4e-875e-4883-84ba-a00de9fe8c7c,8.783333333333333
2f19d1c3-92d6-4a7e-bed1-2403d4287bf5,4.333333333333333
3dbd333f-fd36-4147-9d99-90373f436e45,4.383333333333334
f5a36326-ed6b-49ec-9329-e55820018de5,7.7
a3b90461-d450-4c84-95f2-c92a52170179,14.333333333333334
7d7eaebb-4366-4344-9e4d-4bdcb79e7117,1.3166666666666667
f6ef27ed-ca41-4034-8dda-e63208d00d91,2.4
ceacf90d-c70b-46c5-888f-4516793da3a4,6.983333333333333
8a5f51f6-8f42-4c96-9083-ad8e0b7bfebe,5.616666666666666
b8a6e86d-7085-4afc-88f8-0afa3bacfe0c,7.616666666666666
6423beaf-a2df-4147-a009-c3427662b531,6.783333333333333
e0becd41-002b-4a3e-bc99-20cd45d2fe83,8.7
452b40a6-1390-47a4-8547-31fb6ea207bb,17.983333333333334
a1810f98-2710-4790-baa6-c827f4d1cf53,8.616666666666667
13832745-161b-41cb-abe6-50fce430df1b,5.366666666666666
f3c05a35-4468-4449-a101-080da4a6bb5d,38.983333333333334
014f6701-16fd-4395-8007-07925a8cf6f0,6.4
45533d78-beb2-4497-bef4-732a348ac172,10.533333333333333
570ad444-b162-42f4-8c30-2cf15d16bf99,7.25
1b5eb3d2-21b6-4f0a-8215-530ce9eed6c7,20.7
a661e79c-ee7f-420b-b6c4-23140909abc3,0.2833333333333333
4b07491d-7732-444f-8f29-c29160f83e96,16.166666666666668
c94a9f65-ad09-4261-bd61-2c1ab02aa316,16.366666666666667
8dfbffce-8eec-4ce9-b8de-ac51418fd568,6.233333333333333
f734b99e-1d11-48da-bcc2-91b4d0ad7583,11.583333333333334
ef12b8b3-18ea-43ec-82c9-487f447eaca9,5.65
da330900-ce0e-4eef-a3ce-5ed01dcb1239,18.85
f99b2253-5a27-4440-9019-6d719540c357,9.433333333333334
5cdd9e6a-f83d-4fef-818a-0d57f145acaa,25.6
830bd737-900f-4cbc-9aab-f6721b52d5b4,10.633333333333333
d0e4defb-6097-45ec-a27d-b38f3b42fbeb,3.783333333333333
ebcdf35c-0ac4-4275-a315-124e91e73b05,6.366666666666666
b2795709-b1b7-4025-aba7-af85b630d60b,28.633333333333333
f930f020-5b25-4fb3-bcf4-66fc568e51b6,8.55
b5b30425-d3cc-4157-82bb-dde02d30c2f6,27.633333333333333
1982b06b-d561-485f-ae65-03f50422488c,5.15
72a050a0-eeb5-4dd1-b230-57208be4d2b6,6.8
91c18f16-58ac-48f1-88cc-fd35d5963258,13.8
d39df158-67f0-4bce-927e-18ee3e7eb8e7,11.316666666666666
cbb57521-fcf3-4ed2-9a77-64bcd1a3465d,15.05
1f9ea459-a99c-4433-80a5-30229cf562fe,382.71666666666664
43a61b0e-2252-4ff5-8788-60d1dfc19092,10.533333333333333
5ea3ce63-5dd5-4a8b-b582-a6b244a06a8d,15.833333333333334
5ade3347-0633-4f08-a771-f55a63fc7193,0.08333333333333333
fdfabd44-fa75-44c3-8ce5-07c3fb66da41,0.18333333333333332
a7c48aa0-b88a-409a-8e78-24a02352d9d3,12.0
3da38cd5-a32c-4a4e-8917-72f60aa04f32,4.316666666666666
1fabca6d-2a86-4b77-a23e-b725a8b5d8c5,6.566666666666666
041189d3-5a63-43c6-b592-d9d10c393873,17.383333333333333
6240243f-5594-4b98-b5ab-453e5d8dd783,11.683333333333334
b71408a1-5fdf-49ed-acb7-d99cf315ab36,6.15
56345470-458c-434d-913a-a5b7dbb9b90e,7.9
fcafb7ce-1e6a-4a5b-8c9f-2a1dfee280d7,3.15
000a2956-d394-40fc-892f-62169ec128a8,12.866666666666667
ba613f49-e02a-4097-8b0f-93283bf980a2,11.133333333333333
faa2462a-f1a7-4b77-b44d-d2aa5f2ec435,18.333333333333332
7411706e-cacf-4181-b532-aa573c604450,15.0
d25f4dcb-32c1-4aa3-b639-f7114825d1a0,22.9
29bf09ff-0e21-4cb0-81aa-3de2a07433b1,3.283333333333333
eab2c74b-53db-4d9b-9b74-f131006b54db,6.25
288a88ca-bcc6-4597-a1ea-0c3444db1389,1.9833333333333334
f905e04b-b4d3-43dd-b5c7-bcfa19bea60d,18.75
dee9520b-b263-4824-b6d3-ce0c966630fb,41.05
32645361-b407-4660-b716-ed877d4ec3bc,19.55
0e529461-c823-41eb-b7fa-cc23aee9ac98,19.433333333333334
b44fd7a1-cf6b-4fda-b199-610c6de6c9cb,5.65
1d1f0f2c-3d75-476a-9b83-a0c11c54e69f,8.8
0404b999-effe-42da-959f-2c7861efdc98,1.2333333333333334
2ce63607-5a32-46a4-951c-ec3dd07c99d1,6.75
3bafb13f-147f-435e-aaf2-2f4d3937db2a,29.533333333333335
5c353151-89d5-4584-a774-46ad0aaf7dd3,10.3
dd0a3aac-89d7-44b1-ad74-029a5c1eb6e4,6.283333333333333
7f7d7382-4295-4dc2-bca5-c4f77759e8a4,13.2
ea398bf0-874f-473e-a16b-db17f33b2a14,27.95
8b762308-adec-4020-8d47-58f1f586c562,4.866666666666666
9573685e-1342-4255-b320-23dd913a0f35,4.866666666666666
172d8b6d-74a8-4e31-a826-8f919477d031,18.333333333333332
bef37b16-4a3b-4cd3-8173-81dd65e5b531,6.216666666666667
2b0c0899-01d4-440d-b6c0-4ec98cd577c0,7.5
f273c142-3bdb-47fb-8ddf-068484a5ac64,15.683333333333334
a398c0ba-7af3-4426-a661-72a167fd0713,4.55
13841403-ecde-4e83-8a86-04f39c4df11d,30.983333333333334
b3cb2aaa-6392-4704-a35f-799f8aaf3a8f,7.05
f177aee0-8dbe-49ed-ad2c-038b953b9ad6,3.05
7f9409ce-6475-4861-b8d3-b062705011a2,17.833333333333332
9381f4dd-b6b4-4f25-9b62-ba50e14ebefb,12.366666666666667
2d5aa0ab-4cf6-47a7-8905-12a111a1e6e5,11.333333333333334
e517325e-9f90-4912-89e3-db35065eba91,36.71666666666667
48e3540d-1a5d-402e-aa42-2877f92fb797,3.7333333333333334
bcadac60-c4fb-49af-9e2a-ce7f7629c42a,5.216666666666667
7197d406-4912-4f17-a9da-297e49482c75,3.8333333333333335
ecab31e7-d5aa-4dea-b945-064e041fbe66,20.65
9b7ad2b3-d6aa-4dee-980d-6d5806fc7c34,16.4
e38a7497-b7df-4c27-90ae-1c66a00e5c2a,7.366666666666666
aef1fade-29b3-42db-bde2-93b0aa90c7cf,22.833333333333332
120c8a26-723a-4854-a0f2-95ef90c809c1,4.116666666666666
123d147a-e387-4a20-bc59-e403fc1a4c8a,15.133333333333333
1f668147-bff9-4285-8286-5cfad063eb65,14.816666666666666
8f8aaf10-e6dc-44be-93c7-d5820ca18372,19.25
7f3fc50f-0702-4add-a2f3-83f904bb4bbe,18.2
b2c886eb-500d-44e9-a86a-d9b663e021dc,9.4
6385f584-76a5-4b5f-9e5e-ed45fdafbd2d,20.983333333333334
9766671b-a10f-438c-9cad-5d6ae2e507b5,6.483333333333333
8e3a123f-3b18-4fda-ae3a-b6af34238463,4.833333333333333
1ee31de1-72fe-4d3c-9bb5-1ced4c1e9276,3.35
d288cbef-8f58-49fe-a1a6-9d8b80fec8d2,19.166666666666668
dd124e89-2583-428a-bd17-9f9eb2e2676c,12.75
9ef9f50d-f467-4b81-be2c-866b1d1e7b75,0.2
09c26127-dbd6-47be-9cfc-4fc1f46a01a4,9.783333333333333
120fb446-1701-46bd-8154-a3b31ec1bbe5,5.7
dfdb8f1a-ff68-4971-8437-3765f73873b2,0.05
f3672e51-8bb8-4fb3-90be-30773f7ab5e2,8.4
3cb8e4eb-e127-4ffe-8f70-451a42cb8678,19.866666666666667
c4178627-095e-475e-a817-60d1860ffbdf,5.883333333333334
7b521ca4-3c90-4c38-b69e-a0b1f9034c7a,10.666666666666666
9a0225e8-f57b-46cc-b8bb-e1bb5495be99,7.533333333333333
37213538-8269-4d0d-b2c6-8aacf5905802,12.35
bb0a9611-1d81-4386-a22f-bc058cba398c,1390.25
47b9a71b-edd9-4f9f-8df4-7e7185ac182e,34.333333333333336
9ad2a29c-8bfc-4a1a-9cc2-04fc88a770e5,34.333333333333336
d8d6ed1b-fc13-41a6-890e-50af2313afa7,8.183333333333334
f5aec42f-849c-427c-b3e2-206ba7b845f1,3.35
cf4e6687-d0ea-417a-84bb-e2355abaafa9,3.35
2c0386c7-f476-4535-b77c-3916c27053c2,17.25
5b7f5c6d-4c7d-4566-8664-a0022a911899,0.03333333333333333
187d1af4-8b81-4724-a6ca-390744844b76,10.683333333333334
5a6dd3eb-296b-4ed5-8dbb-b17c0ff959b6,9.833333333333334
f34997fb-ef54-4b5a-a5c7-c53513843609,29.016666666666666
7490f8c0-3b02-4bdd-8b71-5153385e38ab,27.266666666666666
57d73005-e2dc-4e56-bd47-d730dcddc79a,9.116666666666667
b09640b3-907e-4d8c-a31c-4414b70f329a,3.05
65dd03b6-8e12-456d-8659-0af6afe52064,12.25
c85c68f1-e77a-4a2b-ba08-5ded6344b166,15.05
4b2ecf9c-d718-465a-883e-45f630935b16,21.416666666666668
c2f1d1d2-8986-41cc-8593-dae42b0b86f5,13.083333333333334
3fadafbc-f350-467e-9ae0-ba08697af465,31.183333333333334
01d59de1-badf-418d-a284-0c536c476330,11.75
3a0c0b72-98b5-4120-acb6-74413d40af94,22.333333333333332
c29c6101-f68c-4b71-b573-fc515b582f04,11.533333333333333
0df59f49-df5c-4a0b-84c1-7ecf5c5b3ac1,4.233333333333333
25befb55-8ba9-4250-85b3-5bf633ea689b,11.7
19447a20-3913-4e2d-adc0-cd20dadf7e08,23.383333333333333
ecd56615-4362-4887-8448-e65fd1770270,6.95
0f8efcdd-77b5-442e-84ee-ab9cbdf48b1a,31.116666666666667
15ef76a7-320f-4153-bd50-220c0ab21190,5.616666666666666
7bb4ec71-8d79-40f6-85de-fa3e379482de,6.966666666666667
00f4ddf2-d0d9-48c9-948d-b9fa959d5ab2,19.233333333333334
d64a064a-4d9d-4ff0-a8da-6f665b0d28fa,9.166666666666666
acb22a38-bc77-4ff9-9706-8e34da87431c,0.08333333333333333
1d29ca57-e929-4987-928c-1a31ced074c4,5.466666666666667
febb7a98-749f-4082-8c8f-eb5705d6f0d6,53.05
8fff0999-9c73-42f0-9c25-ee87d38d543e,11.183333333333334
1111162e-9298-4a6a-bd3d-ba1f18bdbf54,0.06666666666666667
8fb0b1c3-0054-435a-98e5-75de41540c75,11.833333333333334
c4eebfb0-3dc7-4c92-ba11-94514f6e6f01,2.65
2877bb83-6298-4c16-b8d4-052f563da688,4.9
fbd6eb06-07c1-428b-b1f3-a5c45bfc09fa,6.666666666666667
2700dc22-abfa-4d0b-a167-ad5491e78a63,5.816666666666666
2e5c0431-317c-42ed-8756-61f08278f3cf,0.31666666666666665
10d52015-04ed-4532-8266-577f2117f14d,7.466666666666667
3e0e490c-3f3d-423e-82a1-29e2e405c981,8.116666666666667
518344d6-cc19-4849-b5f8-febf0bc7ec72,70.41666666666667
afbce6b6-ff1b-4939-ae31-6e913d81cb85,9.55
c45c4754-d627-461f-b6aa-4a103726b921,18.616666666666667
d9ccc043-95cf-4ed6-b769-0c949d6e6a9f,2.9166666666666665
2f08f504-d5f3-4d17-b221-04e9e0d767a8,0.31666666666666665
f0633833-d1b9-4190-b5c5-fdddc17d1a34,5.533333333333333
6d6cfe1b-9a2c-4fe0-82e7-0f7251be0264,12.016666666666667
e6ee41fc-766b-4677-ad4e-edd0b502afec,26.033333333333335
f680bc32-0d8f-4fbc-b772-d50dc740bf2c,9.583333333333334
05439c52-4b43-4f12-92fe-1b4192e5ab57,19.55
8b093527-d286-4c0e-9db5-6402cdfc861b,21.9
710b7bee-1121-4980-ba6d-9a6b0d9aa995,16.716666666666665
256f35f7-703e-4877-98f2-5baa118fc71a,17.15
13f6cb3e-e978-4d82-b32f-d1d42710e1fc,0.35
1d3b3716-6a06-4099-8eec-25902d776252,1.8833333333333333
1e1395dd-ef57-4bd1-b0c1-0086d2b48078,0.95
23150dcc-0138-40f4-9e85-bc563a1c915f,4.416666666666667
0d516a0a-0e1c-4149-8217-390b4815911b,0.11666666666666667
b49cb760-c166-4d34-9e33-9a6fd4265353,16.983333333333334
25233ab1-102c-4369-b3b4-c66973d1021a,14.666666666666666
421665c1-a746-4ec3-9b62-3c951b2c880a,25.166666666666668
18735535-b7d7-4934-9908-be704021245a,0.016666666666666666
b54162c6-944c-4ee6-a7ed-66a1ba6b8819,21.666666666666668
3288988e-4884-4062-9a7f-0f732fa0fffc,10.066666666666666
9b1c4241-834d-423f-88da-e8c72584f0f0,2.6666666666666665
5c92e4ce-a292-46aa-a4e3-adac2a9fcb21,8.683333333333334
d6b04b11-6c05-460b-874c-0580312390db,0.05
d886f62a-2a46-483f-8c9c-1f3592b5ae03,0.05
744841af-684d-4f18-90ee-c77fca494787,0.05
cabf3f98-0d30-4fa5-8daa-f0074c9aa183,3.05
8dd1fbeb-81e2-4fb6-8e6c-33b1bab6e0a0,12.066666666666666
84fd0f14-6895-4d7a-a2e5-658c940eb6b6,8.916666666666666
c4277fc7-7db8-4974-a4b7-c6decf65ca36,4.733333333333333
e9418d0a-769f-4b4f-bb10-47f8e1b1c894,11.233333333333333
a44efe95-d984-4d52-b66f-b24ca08e5b5d,14.35
9a3e1500-fafb-46e1-a04a-0e5b171a23df,1.7166666666666666
959e6ab7-0271-4dcb-bb6c-06ea835f04e6,11.266666666666667
88f2604a-541e-4d58-90c0-6eaee18cd74f,11.516666666666667
afce3ba0-0353-4d09-a1ea-74e57f77ed10,266.81666666666666
218524a3-d67c-4738-bd74-c2b6f3381a60,5.233333333333333
d54e6322-4ae1-4834-8b56-682ba605120a,27.066666666666666
63d1a02a-38a0-4c9f-9e3a-516e149284e2,12.25
c130d2db-db56-4a22-8708-7d85b23250b6,0.1
12553a80-2ae3-487e-b51d-8b0ac73e72ab,2.25
4c5634c3-d9ba-4348-8d48-9bab5094d184,13.616666666666667
26be1689-2515-4865-953a-95c445c761ac,2.6
0967b3d6-9b14-4554-9290-460d8862d8bb,6.166666666666667
af9326ad-92ee-40e2-8d05-2bc7fa0495d2,4.8
f0419d23-0ea2-40c8-92c5-83f7802fb760,4.966666666666667
029a441c-db79-410c-a899-b4bd479ab482,0.08333333333333333
0868f1cc-5ead-4614-a543-db5171e79f97,6.65
5fd57d0e-1847-4e2f-88fc-e6a303dea001,0.05
96763266-88e7-49f7-ad90-020f989c6b5b,15.316666666666666
1d1e37c1-1810-4d02-856b-8e951b75c10d,23.566666666666666
d821b698-e4d9-47e0-baf2-abf16d331b27,21.2
4febcd16-d900-4b78-a77c-46369519b1a6,9.25
52585dea-cdb5-414c-a42d-0f6b7f64606a,13.233333333333333
80cf4714-49be-4397-ab4c-4c3b569dd6e8,6.916666666666667
230f4046-c2dc-4227-bba8-93d8155925ec,9.266666666666667
e7656027-6b9b-456f-9ec1-285f0d12016f,11.033333333333333
d84e77c3-12d3-4354-b16e-a77d9e6f91d7,28.383333333333333
cc4ea4b9-e373-4a47-bfc2-8e77c807aafa,16.116666666666667
929fc3f9-e98f-4f57-b1f0-3598738f4724,8.1
307a5609-121b-4ae2-852a-b09c67d6a2c6,10.05
1816353b-55f6-455f-bf6d-387fde5fbc02,8.716666666666667
de4647fa-ad49-4cb8-bcca-053ed535ba45,9.2
5bfcf538-3a89-4d89-b879-b048dbd956fb,0.05
cc792cff-ea8f-4c2e-8fd9-1946c6588cb8,9.55
608ab72f-3ac4-4429-a572-f703ba1a1c5c,0.11666666666666667
4208a64b-1a37-41b9-89d3-d2382891245f,1.3
7eae8fd2-a274-42c9-a355-bf1042102d93,11.066666666666666
3b71e196-cc3f-48d3-a737-ddc324c3ff20,14.383333333333333
0ceaa205-6d04-4300-900c-8bde17851eb3,28.066666666666666
6df60a7a-447a-46a7-af54-1a3418dfec6d,4.133333333333334
31d0ed17-ea86-4b60-950b-4dec9ddae490,6.566666666666666
d7c09550-e6f7-407b-a5c7-c66d7faa8829,9.216666666666667
c1a30ccf-84c2-42c3-a621-cd06b881547d,26.216666666666665
643561de-4043-4356-aeac-a2e316972571,32.083333333333336
4b44afb5-2731-4de6-bce9-d773fba4d4c2,8.416666666666666
25b9ce2b-a3dc-48ec-8f18-1c63ac5626ac,0.06666666666666667
3088be2c-d971-47ae-9c1e-2a9030108bc3,8.833333333333334
c38c07b6-9e14-4bfe-b267-6a7af36108b7,17.75
b3051816-bfd1-40c5-a0a7-6f7ea5e4e373,0.06666666666666667
3e4fcb6c-057d-4c7a-bc83-57c64bf7a8ef,2.3333333333333335
ef803ace-b2d6-4a4e-b5ec-fd13fe2992ad,15.466666666666667
b5b7f1cc-b662-4b41-a420-80bc0cdee126,5.95
949332ed-7ed3-4207-a543-bc32bbcfeedf,8.0
63743c7b-4bf0-49e7-8929-caba703963ae,3.0833333333333335
99f13660-b866-4265-9d36-f382a903a4e7,14.35
2feb4017-01a8-4d33-9bbc-6918ad40c1d8,13.016666666666667
fed1cfe4-59e7-41ba-8e1e-256ad6a88d5a,2.3666666666666667
5172865b-e16a-4e3e-9ccd-c6f96fe9f29c,12.616666666666667
14ec165a-769d-4d81-a72b-7538ff0619c9,4.95
9ad78f43-4d59-4705-a046-4297d0b6e955,4.15
fc10d73a-8ec5-4c30-b24a-084f969d6aba,12.15
cff03288-45b3-49ab-916a-09d2f6c91529,51.36666666666667
57e98e51-a93d-41f9-a5e4-f9748e5a82b3,29.883333333333333
40fe47a7-8506-4c08-8a69-c012e5e84954,22.4
58ff0267-40be-426f-8dca-01a97b86d6f9,6.35
48c56233-9d52-4c79-b676-9912e3f748f8,7.416666666666667
40c3d431-3f40-4b0c-aafb-58843a2e9183,4.133333333333334
182693a5-2842-40e2-b6c2-24835f607a30,8.65
482bc1a6-cf33-47f6-b7a4-b70ba1698043,11.066666666666666
c4de0cb8-d17a-491f-a275-dcd28ee5fe45,6.733333333333333
ca44fbab-4755-41bc-bc4c-87711826d9fa,7.066666666666666
78f632c3-3476-4b73-9f83-e9734b714118,5.016666666666667
c8213ae3-3987-4f06-a7ca-9a5e49cea664,13.783333333333333
3333f7c2-f79d-42dd-93cf-4db1f3fa1d8c,3.6666666666666665
1243e051-3b9c-441c-a93b-916d58332940,9.516666666666667
840a1be2-143b-402e-91cb-def1694be6e3,8.616666666666667
00912c45-dd85-429b-b367-b09641f0d1b1,6.383333333333334
051920dd-92fa-4ad6-a42f-5cbeb3df446c,5.983333333333333
2ef605ad-bec7-4d89-9abd-46d7e591c938,3.55
1c973581-81b3-4288-84f5-6b3e7086c13d,9.866666666666667
22c70f11-3be2-4aba-9bd9-4400c9a6e106,6.8
cd0b72f2-4805-47ec-a6c4-2fa48f786c99,37.65
eed4d584-f523-4651-8d22-548344f96205,3.966666666666667
2ff524cb-ef5d-4579-a421-8eadeccc255c,17.55
a0a7d3db-b160-4556-897a-9d9bf2338b4a,2.783333333333333
171dc3dc-47aa-4390-a44e-97f96dbb2042,1.4666666666666666
83fc4f7b-010c-4634-b764-92d8e07a7ef4,15.866666666666667
9aa7380c-a58e-4dcc-bb1c-7bd7cf619b7a,9.283333333333333
72e69297-3d1f-43f8-b7ca-2ce49b36c956,6.116666666666666
7705f84e-b276-42c5-8291-cc619f0ea70b,17.416666666666668
4dfebec1-cab1-4b5d-82ef-48b3de672d72,0.03333333333333333
f9111d82-52b3-402d-aba2-1acf7a399a64,6.366666666666666
0a6a984d-65fe-4a00-b194-a9bdd920dacf,27.333333333333332
860276d6-c99b-49ad-96ec-98942436c098,14.266666666666667
de6f453e-1382-414b-84b1-548a61aeae40,4.733333333333333
40ab1b88-cb22-4ad3-9d70-415f6a6cdf9c,2.033333333333333
8726bb82-7356-4834-9d69-d7c799bb2daf,0.05
ff798c71-44bc-4763-b635-2f43b71a75bd,0.03333333333333333
ac021a52-22f2-42ac-a41a-100cf1ad42ad,7.883333333333334
d8ccf8eb-d25f-4286-ae33-758642a87870,7.5
e0ac7bf2-5618-4b92-9437-104b92b31030,4.383333333333334
99480a71-705b-47ae-834c-f462ecb8474c,5.233333333333333
11ae5c91-7509-4e1f-b4ad-561b6e146e87,5.783333333333333
aaa4fe2a-3ce6-4184-84dc-0a03b278b557,10.516666666666667
0c802285-9b4c-4b03-a96f-17ed1c5f53d1,9.366666666666667
b6176a38-fb57-4a02-a582-9b852f0c2adc,3.5
5b58c1f6-68dd-4855-865f-be210c1a32af,5.333333333333333
c07f1bdd-a8be-4b70-bdbc-aa5db973b83a,3.3
d9e41c97-21ae-4c27-9a30-fb25cf373208,12.666666666666666
30843d27-3043-4c77-9877-3f305f35abd1,12.55
5cb66d58-532f-416c-a731-4f45bfa4d761,3.5833333333333335
cf1c3a39-ee41-473f-9f33-1c44beec541e,7.333333333333333
3bb62c81-2fc3-4038-bfc3-49175f5c30ac,3.933333333333333
449e9dcd-1fdb-4c2b-a831-509e41c88f8e,12.25
a7a116a7-9a22-4d99-8330-fbdcc9b26024,2.55
81d8bd0c-e795-4866-9394-34f509c4c3b2,1.2666666666666666
82c572f0-8247-41b8-a9c0-b22a73f43668,2.933333333333333
5a8ebe99-ab5a-446d-9c02-d35b34c4fa4f,6.583333333333333
ceea062d-d582-4eee-ba24-b3a2255efc73,13.766666666666667
4cf22b1a-5b32-4189-8773-5d0da41c204e,11.116666666666667
b8fc7285-880c-4150-83a3-d48a6791e456,6.95
7c4c4ac2-3821-43cd-a1d0-17d6319acc15,13.183333333333334
96fcf203-1809-4a1d-9e3a-87eb5b662ec8,46.0
d5e68526-9dea-48c1-8a30-39b784c016da,5.833333333333333
4ecd1d15-1fef-4616-ab77-f8ab2a0f05ec,10.95
ebb3038d-3801-4084-b911-6ceae4f0579d,8.666666666666666
c77f0260-23d8-4563-a476-64ad75219246,57.81666666666667
8fbf2f17-61c0-4c1b-abce-38759157fbef,5.133333333333334
c935ca9c-2fd0-423f-94e4-f571b2f7abad,18.633333333333333
b164cf95-e3ee-47cc-8d90-71cda7bd6239,5.483333333333333
5df3a671-8e1d-410d-921e-31f78a26dc2d,13.433333333333334
8d821b0a-d87f-435a-8d4f-a14a763f8240,8.15
7a0874ad-db2c-472f-9194-b5fd1600d187,0.43333333333333335
911edde9-384c-4325-b498-7cb51ffd826b,9.3
eb01f1ce-635c-4b68-886c-308dd783e31b,21.416666666666668
f57e51d7-fd3d-414e-826a-d6df19b40427,4.95
31f4b40c-d226-4ab9-9453-b947fce16f49,20.25
6dfbc1e6-d047-448e-9162-32acd42f0cec,12.566666666666666
04105a04-fc77-40d0-b577-2bff7c22b3c8,8.833333333333334
56395034-5645-49ab-a217-3882a615123b,10.2
ecbc6ac1-9a8d-4e47-8c98-abaab9352b3a,0.5
d751f988-bfd3-43b7-9320-7123ef61a045,0.5
57ced56b-0087-40ca-8222-04bcb3b45e2c,5.45
25611119-b8dd-403d-b450-bd8d2c21c8df,15.133333333333333
5ebf1466-bc1b-49b2-a34e-fbff2f4b30b3,19.05
812f307d-71f7-49bd-86fd-84161b7a68b9,1371.7666666666667
44a4cae8-01fc-40dc-bfab-005c12f8bf72,3.5
d1f33828-e214-4f62-a3a0-f1de04df5c3b,16.45
f31b821f-71dc-421e-a629-09879a856cca,11.916666666666666
0b3b78f6-189e-4619-a87e-5b1acc765c77,0.06666666666666667
db9bd1c5-be6d-4168-81e9-269045fb5289,23.783333333333335
519f28c2-5d2e-492c-9f46-e86b7ae145c4,4.333333333333333
fa77df63-6639-46b6-95fa-3a91f968acd0,19.983333333333334
be67009e-09fc-44e8-88c9-8be6b834b158,14.883333333333333
7299ef2a-60e6-4d69-9347-999678ee0f58,6.8
8720acc1-3723-4a1e-96a4-3d9bfb4c1ea2,0.06666666666666667
5c273f86-019a-4536-8758-ef3b4f57263a,0.2833333333333333
2a33da06-5a7c-45a5-9dfd-8e84e04d584b,22.6
4be12b5c-2cb6-404e-a89b-045e5c593d24,9.116666666666667
e47b61e3-47d1-46c8-b20f-567616f5a02b,2.066666666666667
cf7eef03-7425-49b9-9e6b-a0b4b73e0580,8.35
f4e04642-861f-472c-bfcb-8a2309829d47,22.25
3b6e55b0-038b-4c7c-b499-5f1eb23b1dd5,7.033333333333333
df632baa-d8a0-4c83-a5da-894d04727711,0.16666666666666666
dce47adf-57f6-4c97-b960-7da66be05b3b,18.4
0b117488-7084-480d-a83a-cbf17375238c,14.366666666666667
f27378eb-c641-4c56-b8a8-5142e76cd387,17.383333333333333
3a19539c-2015-476d-978e-fe759f62cbe1,22.65
a07ae80f-e297-4a7b-b6c8-ea03a51a79b8,9.1
36328c48-a02b-4879-95df-a916cb9e485e,34.31666666666667
9729d134-eb70-41c3-801c-f551da43b509,15.65
2c044c74-9fd8-4a3d-9383-b382b7c1a4b6,25.45
b299e13f-eaa9-4152-9059-5ee64830af4e,15.483333333333333
e1862284-f920-43df-9523-5676259c7864,17.8
99e0c0dd-0f0a-4793-905a-d17f5ef6e7bd,10.0
4bfe9688-6f6e-41ee-a558-980022e94352,4.833333333333333
244d55b0-8a0a-4a1a-927a-f471df9f77a3,6.15
72e9f098-57d3-448a-a6ef-da84d33fa1f9,6.216666666666667
d178505f-d783-4aac-a35f-2e642a6458eb,6.716666666666667
0671bb33-c25e-40e0-8934-ba6690de8c35,3.8666666666666667
d9e05b2a-a2e1-463c-bd67-7c1e14eb23f8,10.55
f371ab53-9d4c-40ae-b7ac-433be88d5b60,4.95
e2cc18c2-4b8b-4a25-9f98-d47f2632d277,4.95
53f82465-d6f4-451d-ab21-b6c5ddd9ded1,5.45
c79805d6-4eab-4ce2-aefe-9e1ca0ea484d,14.666666666666666
4684ecf1-919e-40ed-967a-a02589eb8a91,7.85
72e1e46a-f4d1-4da3-aca2-a9fe8db88d38,3.05
6958a099-1801-4244-a241-16c1c56f97f3,14.45
9fd53c30-8026-4dc7-85f5-aa2478a71eed,8.433333333333334
bcba9265-d77a-4f6f-9577-032b654e933d,6.75
690ea7d0-9fb5-4309-905e-12aa9abde3bc,177.25
a68b3661-3e74-4a49-9589-1b2e3c2393ac,4.333333333333333
ccd88256-ec53-4ecb-9115-d81de1aac442,10.816666666666666
29172ec7-7001-48c8-9546-3c1d3047fdb6,2.7666666666666666
ad6d213e-f03a-48c0-bf5f-8f4eead2e33c,0.05
70b695aa-6e0d-4632-87a3-e14e2fcd28f7,35.833333333333336
51afa935-87dd-425e-b565-f1a1ea42284a,5.133333333333334
69005536-29c4-492d-9764-08a1396312bc,18.25
bacca24f-26c2-431a-98e1-5ce81883fe1d,5.95
27b39a97-068f-47f4-959e-7faeea08cd8b,10.383333333333333
f3fadf4f-ddce-43c7-85ec-3694e9afcf9a,3.966666666666667
c5d47ab4-4508-488b-a192-697fdedd9d30,17.233333333333334
a513c8bb-280c-49c0-9222-90bf53917028,29.216666666666665
8794633f-b327-4756-bea5-028039608495,10.05
3f2a2012-d28e-4b02-85f2-e8a564ad1e29,11.7
9de229cb-50ec-4ad2-a834-1421121282fe,5.633333333333334
0a4fe7bb-2050-44d5-bbb6-14b5ef9ffc1f,15.933333333333334
986bb267-0f07-47e3-9830-8a4ff7674750,3.6666666666666665
6a11eaf3-922b-4444-b4ad-efbd36545d45,1.9666666666666666
2d43d556-7fb6-4fac-bac8-18b3cda6fa92,1.75
ab67c9a3-c1fa-476f-8337-06d0f98422ae,6.933333333333334
e5d8bbaa-72f0-4b57-8321-c7b5a62170f4,11.633333333333333
3d76ab38-f4f8-4fdc-b7d5-e3f818982e1b,11.683333333333334
040c0937-1ecd-46ce-bcb3-a7dbbac7eb00,12.716666666666667
36166f8b-08ca-455b-9be2-a3c465a78478,7.783333333333333
7bb1ed58-826b-426a-87f0-5944dde1547c,23.366666666666667
07ece9ff-c75e-4f9c-9068-e0a3e2b04524,8.2
954f7758-0364-444e-96fb-ab8286d55583,21.883333333333333
ceaf77a0-05e2-496c-b366-958e4e26a295,6.1
ed014ac4-84b2-4dc3-9ddf-f6ba8bae4a2a,16.05
7ec78c5a-b3be-41bb-92af-360357b6a76f,16.533333333333335
d4af5ad5-b71a-41ad-b666-2842b8ae6675,7.55
f0d98aa2-6338-4e9c-bcb5-14ee2851e869,32.333333333333336
d5d9bb78-cb2a-4a5b-a594-67902eada57e,10.416666666666666
51af9015-3536-401d-821e-b03cdc06cce5,3.566666666666667
e2f7d423-b624-4948-9e30-cc653ff33966,11.133333333333333
92477e85-82ff-40b5-9a70-1b4c5df4b47c,14.7
49a95659-e08a-4028-be58-7670b39637d6,8.3
eb29582d-21c6-4457-aced-66d9854e97be,15.8
5764e36c-ea1d-4996-8635-146aedd52d2a,4.483333333333333
8399bbf0-ea4a-4508-bf3a-380b92fe9ce9,6.7
6d4c31c8-982b-4621-957a-1fe652e3d438,11.966666666666667
1861810d-575a-41b8-ad60-2d4b946b3523,9.166666666666666
e1a9f25d-f557-4284-923d-73aac893ef28,25.15
32710eb6-3206-4df1-864d-825191830a9d,0.06666666666666667
9f081d9f-b584-4e4b-a953-1980bad165c3,0.06666666666666667
aa995689-3b0b-4e3f-94bd-0304733574f3,0.9166666666666666
30af8777-0dcf-43a4-b150-7c9993369f24,0.06666666666666667
29fbe116-c0d0-4b49-a56b-524dd4c1b136,0.05
99fb653d-d6b5-4f9c-a284-d67fe20de9ad,39.416666666666664
50a531a5-5cb3-4f89-92e8-5a1478bf1bfa,4.15
b77119da-c9db-4510-af60-7fe6980a8a64,4.916666666666667
fef3af34-3cb9-4093-99cb-56835d0c3a8d,0.4
b40ce6bb-115b-4a43-a5e4-7a54696b714c,7.15
6c17076d-cd00-4e8c-ab1f-98e1de9970f8,6.2
5c31edab-39b7-47dd-93f2-d660dc2d206f,13.3
c8c86aeb-7a10-459c-bcd7-25978540d02e,9.716666666666667
550d3591-6d60-4430-9b15-823baf70fac7,6.983333333333333
dfdd93ba-c7c2-43ea-94fe-75e9c433cde5,7.45
76b6d40d-7d34-4a87-9779-9428504ebb03,29.166666666666668
3d6ba498-2cd6-42cc-9cc7-0d7fc7f1c0d2,17.466666666666665
7cdc3365-8987-40ba-b8a9-0d3cdc1f387d,6.916666666666667
ed171096-940b-4f7c-b577-abfcab2ede22,18.7
2b6e8b9d-3780-4c00-a1c4-b511232bcee8,5.983333333333333
3e4940c8-ea04-4504-bf1e-16b035f5f96d,6.183333333333334
0b78bc52-a32b-4e8d-a73c-17addfba0e36,0.35
02e69b1c-3b3c-497f-bb25-cd2025a15c23,9.45
881c1e0c-cd06-4630-ae76-914c7891da3c,23.45
49da97cd-00da-4d56-8146-ecd1204a2f67,47.8
604ccf3b-e910-4c1a-abf9-d8698dda2210,18.5
90d89578-7010-4d4a-b068-1d8460f2ca2b,625.3833333333333
b4dcd719-0b7a-4dbd-9bc0-99f6548d4b26,13.933333333333334
6969a2b1-e133-4758-9af6-3d851dbe4dc9,9.833333333333334
ccfb404a-4784-4f72-9f17-7787766705de,3.6
400383a5-c796-4c73-83e9-1508a01084b8,15.55
5abca1ec-b1ff-4797-9968-c5a209360d2b,13.866666666666667
4b2fdbd1-eb83-4e64-a799-d43d6ab4729d,9.816666666666666
6251a238-3c24-4d23-807d-b7e2adf83c68,17.383333333333333
06dcf4c8-1301-4ee2-acf8-eb9f48481873,25.1
ddcc74e9-1e3b-4956-98a4-092a322a0015,5.183333333333334
53605293-5466-4f5b-b0c5-69d973be2762,10.8
4a75c6f6-1b61-4b11-9400-94619bb9f213,6.166666666666667
c0a073c2-5db1-4c79-a13f-4d35c70364ad,7.783333333333333
a10d67dc-d5d8-485b-89f1-d8d2b1e1ebd2,0.03333333333333333
8ec234ac-7539-4b3d-957e-69822fa0674d,7.416666666666667
9ec3e5f4-1487-4c31-8aca-6356c6bd316e,17.6
d1a286fe-b2b9-4cf7-ae9f-32702dc0385f,14.45
1c2874be-50cc-4a08-985c-aab6b525ca22,21.116666666666667
b86a2637-21a3-4c2b-b488-35f7828b8d0d,13.366666666666667
f66bfed1-a826-4877-ab86-14580a0e35ac,13.45
06b04f16-c06a-4fdc-bd42-d4b39c12d1ea,11.15
37e2f53b-1cca-4c63-aa5a-547daa681ea9,12.583333333333334
012e846f-352c-4ae7-9909-7d0c2f801905,6.6
fe596eb9-054c-4259-9f48-118a87ce1e1e,6.6
1af63714-9140-40ad-9b5c-4aa7ab9b6f8b,8.85
4cb6cc9c-079e-4236-bc4f-00be3b3cb385,6.85
5c45c2af-7d4a-4871-a27f-3cb260f88950,9.633333333333333
95e23166-d5ad-4449-bdc7-306d057c1f16,10.8
1fcbbff1-a552-4565-ae78-e2865efc9b4d,5.666666666666667
945b526c-d99b-4da6-b245-1ba541d6e5ac,2.1166666666666667
953e1002-0eb1-44f5-a0de-1191331f4022,9.85
2e758b3a-ffb6-4cd2-b5fa-53abe7a7aad5,15.3
fb2cae9b-1335-4a93-a471-8db87e6b9dd9,18.65
cf84b31b-5765-483e-ac32-a0ff4253a5d1,6.566666666666666
0999d7a9-bfcb-4474-9372-eb8334e8cddd,4.3
2e49cb7c-27db-4b32-94ca-9de8836163c1,2.5833333333333335
05540da4-16fa-4829-ac81-d22ef3bcdf4e,35.483333333333334
b70ae2f9-fc49-4d27-9642-c12732abca8c,9.65
2ec841a0-63c0-437d-954a-1802c26589d5,2.2
84b46eb5-8465-4e0e-af07-31422bf23c83,8.083333333333334
966db8e8-1755-4bac-9766-4e5f40f13d44,5.2
d170c535-4c3f-47e0-aa4b-9d7dc831be03,24.083333333333332
e495c111-455a-49fe-81eb-782745beb82e,8.833333333333334
5560ae55-2516-4464-b201-35770849e6ef,14.916666666666666
23753f93-4a09-4c38-be6f-a27b4ba62581,21.383333333333333
29d20ebe-a859-45c5-af5c-56b910fd21b7,14.9
167b50c0-8182-4191-8d0b-0d68b37dc011,3.5
a5dac2b2-f436-4b57-9d29-c77a0e076716,26.0
b148c59a-110d-4df3-925b-9b25b3fbc3b6,17.183333333333334
0da91886-6f30-4132-b3dc-b211d1d22e4c,9.666666666666666
055d529f-1470-4b7d-9326-33f30989e8ed,15.033333333333333
e3a3616f-e368-4fc3-ad96-f8a49529d1ed,26.3
ae5431da-13cc-4142-88b0-72b12c46cd42,9.7
0ae9647a-982c-42ee-bbbc-5a84037cdf81,13.933333333333334
199bdaf9-ac6a-445e-8c0f-9b0ff19a9cc4,19.216666666666665
09fa3139-7790-4c4f-bb0b-97159933bec1,42.56666666666667
8c3b5259-a97e-4a68-b86b-e3eaa2645479,12.1
3ec1289c-c2eb-4e45-a4f4-2484f00df063,8.283333333333333
8d5193aa-8e4e-43b6-8b10-562b8c12e921,3.3666666666666667
be5c6dee-f4a8-4570-aa09-403dc8701b8a,19.0
15f2a94c-1320-4739-aa43-135352040c71,31.7
384f590b-5156-4256-9e82-f2feb764c994,10.166666666666666
67e03fae-5b6a-428b-90dd-aa81a5f58257,0.2
2a30cd38-b318-4ae2-9fb2-56ace8c916c3,23.6
a85e0431-36f7-4e9b-b1ce-b91e1e293c06,7.95
04fc5252-bc29-4889-baf8-6bffa6a11889,6.466666666666667
b82eebe2-65b4-4c88-b04c-6f8e6af7b3c7,3.533333333333333
0caae42c-286a-48b3-b811-bcb1263f4aec,8.783333333333333
55c3a4cf-36fe-484b-87a8-dc365051234d,22.9
b8cee43a-93fe-4331-92f6-904febe58e27,10.616666666666667
f299f4d6-61e2-42b0-8d91-690b8982209c,10.766666666666667
1eca4161-9d50-4c54-9ed6-be5676177546,4.483333333333333
afa5ca45-7c33-4e1b-95fd-5ec46bb4407f,4.166666666666667
146c11e5-5d89-4292-96e5-45ccffe88738,10.066666666666666
b6837738-1fdd-470e-96d7-93c0c3f1190b,6.1
a66e8f26-ac6f-41c2-b23c-1e5a482f2a94,23.333333333333332
f2f72bec-aaa8-4909-8535-25aca6b6544a,6.516666666666667
1ccbeb13-2a23-415c-8bc9-43130551e01e,13.8
0d4d7a61-9a5c-4ec1-9e1d-960a5583e006,21.583333333333332
1f0f04cb-af61-41bb-b977-a62763020f17,19.433333333333334
629152bf-f451-4b26-94ae-729a28116726,6.0
131bd04b-5872-46a6-813c-e0a58db92215,19.133333333333333
ad9a6ebc-1b6e-414a-84ef-1ce9a9d5b5e9,4.25
ba6d4e41-7a07-4f62-8dc7-383a00951960,13.25
fa41cddf-3501-49d0-a5b7-e07ffaa9a8cc,6.833333333333333
645bffae-435a-475c-ab16-e2198c141f03,11.633333333333333
be2be97d-aeb0-4479-9775-babc5c5926c3,12.383333333333333
eb469dbf-b8db-4fe6-8300-e52149d7a992,6.733333333333333
f8a3fe59-071e-4879-9ea7-617a8571a391,31.6
7e6f0053-f571-4c39-a0c8-43017f133e9f,6.033333333333333
5c706d84-3081-4105-bb8e-4e82f0f3eb4e,5.933333333333334
8adbecf5-fd21-4900-95ac-685da90e984e,1.5
37f21c44-2fcd-4586-973f-1c2828ad0b75,23.783333333333335
f1d2faa5-5e2f-4d6f-b88e-c9fe58e6fa1d,13.133333333333333
7851f61c-9b54-4d25-90a7-c7a5e6aa6b09,3.45
6c9e839d-b226-41bd-9b17-e78baec1af21,8.083333333333334
27ef494e-b083-4ea4-8f5c-dcaf1ecc56b4,5.233333333333333
c89d14e4-09f8-4ae9-8f39-4a4e53971a81,17.2
7ff02dcf-c1a7-4e96-b22a-9e5c7d5c1197,8.816666666666666
e9141560-46ef-4e3c-8d28-bf81373455fb,0.5
582e7bfa-0692-4803-bf84-42e01840efd3,170.23333333333332
305712a4-303f-4b74-ba10-d1f60f69da81,4.983333333333333
e3ba0b87-9497-44c6-b3d0-be314165aa8e,8.55
6c5f635a-7045-4757-9d09-3c9f6a16a565,5.216666666666667
de6c6e69-042b-4ebe-abb8-8d7b08df007c,9.75
c4d972df-ed81-484a-a9b2-1cb6374b42a6,6.95
6d0a1cc6-7cf3-4081-bd4d-403e8bf39b89,21.45
32d20bfc-0566-4d42-870b-97d9819c1c7d,13.683333333333334
0d85b0a4-93bd-4cb8-84bd-1b4b7b39b2ad,6.983333333333333
5e1cfd7e-de55-4e12-a02f-47e80e5e498a,17.566666666666666
71a200f2-5224-4987-a418-e5ba4e4b2c55,14.833333333333334
e875cc13-e274-4a1b-9bbf-a76004598e6c,2.85
aa1f51c7-82b2-4e9b-bc5c-87200d934d8a,4.2
7aec9367-8122-4c4c-aeb2-d3c8247e52bf,14.566666666666666
42eed25a-c7e8-4862-88ef-48859a513f46,7.766666666666667
c9fa5a63-3c63-4894-a9a1-53b549286cf3,11.5
3da6baed-dcff-4a8f-b52b-1c77db255794,22.05
9a779977-f8e6-4de3-b3ff-3701ef47438c,5.283333333333333
1799e500-daee-42da-a61e-ced9b36a26b6,6.483333333333333
23b14108-57d7-4def-9bb7-6a57e92b7ecd,26.85
6b023bbd-42a4-4aef-9470-c421bfb0e29b,18.516666666666666
a82caae8-1651-490b-b716-2585fae26a13,14.916666666666666
873bf377-cf2f-4837-97f7-a7f52bebd210,18.5
830e4747-f03a-478d-8606-c900ac2d5f4c,12.983333333333333
cd4b8053-9472-48c1-8be0-cc1dab7b7b3c,1.8666666666666667
bbe515ac-e86d-40b0-b877-9a7693749bbd,2.6666666666666665
3fb8af61-eb40-4fa4-a537-af697f6ba818,7.85
a2cdd50c-b8c0-48b2-a482-47452715e49f,16.416666666666668
ac0fa05d-8206-4660-ac7f-ea714c44c58d,9.2
ff4b9be1-fe80-4223-ae84-252c29caf74f,9.833333333333334
b1c2f283-72df-485f-bce9-d2bbf6239db9,3.2
05e77289-e8e7-41a7-af67-3f25a4059e10,6.016666666666667
9b5a586f-73c3-4ad7-91a3-d6e3ec8c4e54,3.3
dd2e30d8-d3d6-47e7-b998-1bc2e0e90b10,29.033333333333335
106354ff-3387-4b53-9b11-c283fc509bff,2.566666666666667
4aaf195f-b4ba-40e7-830f-59deef1fdd89,2.45
1a888bcc-f0ab-4b19-af6d-067c33ca5012,23.85
e929f0f2-dc68-4e04-b662-ed313aa0bf5f,2.8666666666666667
2f77b3a9-4873-4654-9f00-445fbebc0010,7.6
2d19f257-15c8-4466-a811-a6986fb345b2,5.75
d211213c-790d-4b9b-b5f3-2e08f12f69fa,26.183333333333334
ee449115-05fc-490b-89ad-8f56671d5f4b,21.733333333333334
0eecb3b5-eef5-44ca-8601-eb0989184403,16.433333333333334
e4ef3fd7-2dd1-41e6-ad05-2c7c1bc897fb,6.25
2580018a-89c9-4ccb-b0e0-7639e5725424,0.05
95beded9-c228-41f5-b481-73e023100762,26.933333333333334
45a185f8-d7d6-43b0-8299-f312aa6b2378,10.116666666666667
13a63327-1826-4c6b-a7d0-83794ad51720,10.583333333333334
9e503532-6e90-4932-bf45-ad1f94787672,23.566666666666666
5b57c6c7-35be-4066-a4ef-f8003fe6cd61,8.166666666666666
5966818a-da6d-4f2f-b5e6-f332d138d9ac,6.5
f0ee8801-e853-4322-a438-b41623f9a57c,9.0
cb4c284e-38ff-408b-8d72-8fc74ce5fc5d,7.516666666666667
ece10839-5f27-437e-94ce-9562c7b8c167,10.416666666666666
85de006f-14c5-4959-b417-01c1882ff1f7,4.8
eb309181-6531-4f0f-97d0-8bbdda2f9f66,21.716666666666665
057f2a63-a65a-49eb-b8ec-12b0fb1ae1aa,10.45
25d415fd-8cee-4bcd-aebd-f83b2057c501,12.416666666666666
303bfba3-f9e9-499e-b917-e2b09713ee7e,16.916666666666668
5c0aa6d4-7df7-4652-b630-be7846c3f0b4,6.15
1d38c567-6e16-4812-9bd5-835a925fff08,14.883333333333333
7ad31291-1cf4-486b-ab06-5c795d23463b,12.883333333333333
1161e341-c2d5-42a7-ad90-3e05008d0d39,4.433333333333334
26bca6a6-117b-4dde-aee7-6eb2022d81d0,9.15
d226a20d-05cd-4d60-9f6f-de5573b0c73c,12.383333333333333
24dca5ef-d480-4769-85ce-9497fa2f9f2a,5.916666666666667
6268beca-62b7-4334-860d-36c90e732d01,0.21666666666666667
47f1ea0b-9625-4f33-87e5-befa7afdda85,6.516666666666667
b250a68e-78b9-449f-a5ec-1c16022eabf4,9.95
cb901aa0-a09c-4220-90c1-ee28574920ef,6.683333333333334
480b9093-437a-4ebf-8ded-3090953848cb,16.65
bedfc42b-7472-4d36-a314-eaa958141b5d,0.31666666666666665
d0985bed-d5bf-4109-a683-ddf7cb517eff,7.8
62bb6b19-7c38-4733-9df3-e9f81a2ff50c,10.933333333333334
4418c0c9-78ff-4978-a79d-6d6be336d539,15.616666666666667
eaa3993e-511d-4cd3-a691-f3b7ac599bd8,10.15
08d5d5da-7d0a-405f-8aac-06f6f895028f,15.666666666666666
dcbdf52a-cf42-4643-b782-1ee97e7bbdf8,27.4
26366209-a7c2-4024-b760-6506990dcbc0,12.25
90adf2d4-941b-4c5a-a73c-47817c8efe72,17.733333333333334
8a5db9dc-8fd3-4d06-84a1-0416b314168d,25.25
eef0baa7-8b56-488d-af73-d61d472d3ed8,6.216666666666667
4aa558b0-71cf-4922-a25f-7e360fc2916d,12.966666666666667
26ecaf58-3c12-40d8-b62c-0ec0032ef3d1,3.65
86b79907-08c9-4796-9282-8e3c0e3a47ca,15.666666666666666
e902d7e5-5bbc-4cba-b7b6-21cdd8c059a9,10.933333333333334
208f7fcb-275f-4f31-b4eb-0279ddc1df4b,3.533333333333333
6bf3a33d-c7c1-4ce7-8f99-ebde1d3249c8,4.25
6322162c-5023-498d-b83b-0c22e065bea4,10.916666666666666
14c488b7-81d9-479d-bbdb-14380b1f8672,3.4166666666666665
083994c7-c820-4cae-bd7b-9d747db685ca,12.4
f6df5be8-fbf1-4906-aa08-f29277123667,17.5
1ac87a01-4bd3-4771-8707-01f2d63336e4,0.03333333333333333
6876f5ca-b19f-43e4-952f-03e5cbc673af,3.8
2288555b-f730-4cbe-90a1-d7cd9a5129a5,8.75
7fa3dc99-307a-40f0-bc90-323af58634b2,24.716666666666665
0334e0f6-2f63-4b88-acab-c54571f60ba2,28.133333333333333
bd2c71ea-4fd5-4114-a5d6-2399c513b724,12.583333333333334
31b727ba-ed87-4784-ace4-59d3f3239ea8,4.966666666666667
4b9223e9-05c9-4319-87a1-61aace1b8845,10.5
90b2aeb5-e381-4893-aca9-aa6b4e377b46,26.566666666666666
7d2a6a28-c39a-4c4d-ac0d-463341b0e7cc,9.7
8b0bef72-a43f-42b3-a129-8bec57ae3ec2,13.95
132107df-c08b-466a-9cae-b33f1cfec667,8.183333333333334
bf109831-194f-4b76-bcd1-b1afd533b276,3.1166666666666667
fac2933e-e985-4991-950c-bd68f48608fe,5.183333333333334
6e1a74bc-d0b3-400e-b331-8549de5c8496,4.116666666666666
135d5b90-17fd-40ce-b96e-8b0b1d442779,22.966666666666665
5f6543a5-e028-4a06-bceb-6b3c64f1b95d,12.8
b6564dba-e251-496a-8ce8-06a69a251f5d,12.9
21f7d424-ba3c-4a70-a0fa-002e6b11b95b,6.4
450ebb5b-8a78-4155-abe6-0ae8cdb8da4b,10.133333333333333
7ed0bded-103c-4146-b98f-611ec596f1e5,0.03333333333333333
a8ae52fe-2cff-4010-9271-5cde2e10f00a,33.8
1ea62882-8ea9-4756-bbc6-1556be656aa3,11.816666666666666
d37a8bf5-6af9-4ffe-8838-4ad586ccbed9,20.333333333333332
8eebf56a-be7e-4596-91d9-52a6cfb43d74,12.683333333333334
2bc9b573-80ff-4554-af8e-a9ee42c8905a,10.983333333333333
261927f1-0366-4238-b068-a4b3a97e5ecf,11.6
38fc5961-a318-4c7c-82d0-b18d791b69d4,0.38333333333333336
19a37554-421b-4687-abae-4ac18b2a1d87,4.35
4403b7a6-28ae-400c-835f-45fc2c184faa,5.5
f563a769-53b8-4922-ae8f-446e5c822bb6,31.833333333333332
b44b308a-0147-4e9c-80f3-27c0acdcd5f3,5.816666666666666
70069aa8-3e64-4cef-aeab-aa7dc49efd4c,8.266666666666667
1d632012-48a1-4afc-a3c9-f78b9671732f,7.733333333333333
f83464a9-6dbc-4dcf-9685-151d24af0645,0.11666666666666667
d12cef49-836e-4372-a9a5-e28544b5289f,7.35
a387f3c6-998c-4d40-b605-0f263b16ef2e,12.433333333333334
3458d60c-eebe-4cb3-a7fc-58fedafd2121,13.983333333333333
c1a14c40-7f8e-43bf-bc73-0e9a36c71213,27.616666666666667
2acb881d-62b3-4024-9ce5-61e7f0442cee,40.266666666666666
4dfd04e3-a21b-4c2a-a14b-b915306ba389,2.316666666666667
70daf1bf-d846-42dc-8b74-703656ccafa5,11.383333333333333
fb1755d9-9361-47bc-9665-708046ae4fbb,35.43333333333333
95c64f2f-2e2c-4fd9-b205-2bfa77dce62b,0.03333333333333333
8c176d50-a377-42c0-94df-a32dcef6b126,10.85
87f36efe-ed1a-4a8e-87e9-0c903a4aa612,10.433333333333334
6542612c-3716-4e3c-ba26-2757c5d5a949,4.716666666666667
0788f912-d3ba-4b9e-b823-4b3364f619fb,26.9
4a52156a-d9a2-43bd-adb5-6f36c89c6844,17.866666666666667
31f24bf7-3b64-4f42-abc1-3e4640a3fe6f,21.3
2c1cd5f3-8149-418b-b6ca-75dfb3120ab8,24.05
b66b0a33-7d7c-4954-88df-9665be06fda6,9.0
540981d8-8249-4e8e-8fd2-2be313d2c931,4.7
372aec9d-63d6-4c34-9ffa-5662ff0f9260,27.35
504d1ace-88bb-4ca8-8c2c-2073f6ce2083,17.05
4e462bd1-f53d-4342-96e6-81fe1775e154,16.983333333333334
2da7cdad-45d6-46b1-aa6b-1b110f428b8f,4.8
e1d69494-c0a4-4998-b07e-8f78ca6e58d9,5.883333333333334
641a0c5f-3efb-4352-9dea-65c8ce9a0669,13.416666666666666
f23862e1-b636-430d-996a-d5657dd95459,10.733333333333333
f4fefd03-33c8-4cfc-8ec3-bdf3dab4e748,3.7
292d2dfa-7528-4f28-a521-b1b28d62614b,11.566666666666666
95ccd0cb-4cbf-45a1-9483-bc712f5ad5d6,17.533333333333335
110efcc3-8c4f-4a82-a19e-d1cc6f13c20e,32.666666666666664
5f1f66ae-b371-462d-a64d-30ac15228511,6.5
812a7023-be44-4b31-84d7-bd532d4395cb,15.866666666666667
2116ec81-be05-4875-a7cf-5e7e2cc0880c,6.233333333333333
5931e365-eb48-4b36-b403-0c1f6419cd78,12.583333333333334
6074b900-2769-4534-8239-ac1cc6a40909,0.06666666666666667
9ff63dc1-bac1-4c59-90fd-1776fcc6cc43,8.65
f7a232a3-99ef-4869-8401-fd79041ee598,23.516666666666666
c3848d4f-474a-4740-9150-d5b828ffd272,6.85
0eff9db6-a5c8-46fb-b850-436b23962178,9.416666666666666
c6933110-b71a-41a8-b135-bb6df7fd115c,7.433333333333334
89ba4921-c1a8-46df-86c2-6eaca621197f,14.116666666666667
9cd179cb-5cee-4f6b-a8cc-c23e45341098,2.9166666666666665
d98452d4-9754-417f-b166-2404640a9c74,6.766666666666667
ea032de1-9d1c-4696-87e6-fadbd8583278,5.383333333333334
13f348a4-31a5-421e-bdd5-3268d58fcb7f,10.05
d40fff73-c9de-472d-a17c-82fb6bd18c27,8.683333333333334
74fcfcdb-6c11-44a4-8099-fea193039479,16.633333333333333
bcb34e34-423f-4ffd-b386-fa639407a5ca,42.55
03ed5db4-a825-4c59-b100-c795d5e880dc,16.516666666666666
d9d14ce0-b645-4bc8-bea9-c29ee9e8816a,0.03333333333333333
7ca5e981-c1c8-4058-b6b1-3160d1e12deb,16.1
6bc196b7-f2a2-4dfd-89ca-2427b1117797,3.45
564e61c2-2943-463b-9d78-16c9aa842648,7.383333333333334
06f4180a-cd55-4289-bccf-530d03b44da9,15.883333333333333
4d1f7c22-9709-42bb-8eb9-05d1019006b3,22.15
3933aea3-287a-4269-97bb-f8f5a99647af,5.15
257d0bfe-61b8-4eda-abe7-5656d34758f2,10.683333333333334
4cbf2d98-2b12-4266-a16b-466740cfa8e3,13.683333333333334
220c6a43-7fdc-44d1-b6c3-4fa7d2d3341a,25.1
56bad83d-b709-4bb5-8b9f-4ecf33208805,11.133333333333333
65e4743f-c328-4066-9913-13a407197b2c,31.3
d76d6dce-0009-4aa5-90f1-999533558156,8.45
67f18e51-056a-46b2-b160-4e1881dabbbf,6.15
0336da01-0434-4eb7-bd72-45e3ad0afb11,8.4
edbe6ca0-59a0-4e7d-9684-a1abc346b35d,4.8
5c5685c5-c887-4993-a28b-2f51cfa65995,9.15
9faa2829-3027-42af-b565-b5b4c9be2a7e,13.766666666666667
214e5d55-361e-43b4-80c6-f9dcbc5667b4,3.2333333333333334
c35e4c8c-fbdb-4584-8e87-b2c51c00fbde,13.933333333333334
6586ef35-adeb-475c-b05e-a05fc0d08db6,17.366666666666667
107f957e-ff1e-48e3-8290-a9b362133ca8,11.716666666666667
621c777d-b310-4727-a946-841062089c21,9.616666666666667
ce965002-077d-4a96-bc16-6eba4ef6363d,44.416666666666664
5def52fb-ec97-46a6-900e-0edc4dc9e6bf,15.033333333333333
928fe13f-4cec-4a35-a949-8754b87b7092,16.4
538aa7e4-718e-4e1c-bbb2-746d320bff31,12.666666666666666
99a65426-986c-49cd-ad3c-aa2bacf12531,0.18333333333333332
6506d252-f33c-4543-95bf-58d29854974a,15.516666666666667
a086d1f5-bb5a-4e2b-8151-84f5ca2ad48a,15.483333333333333
cd1a0ade-70df-4cd2-a67f-d3012e4f6147,7.0
7d529a1e-6fa6-4172-93f1-43193ea31969,15.25
4a85c9e0-f14f-42a2-96b6-bcf380517b1e,21.883333333333333
c9fd39cb-030c-486d-805a-bfd8796c0d1a,20.55
efe1ff53-0828-4793-91a3-cc11b1a30338,6.916666666666667
3b456467-baa0-4294-a1b8-3d7d842c0752,16.95
6d12688c-b16a-43fe-9742-8ecb39f8579c,12.15
49b73c93-5440-4abe-b6d6-27f4d07b92fe,23.016666666666666
f68f7c22-0a36-40e3-9b0c-607700a9eb96,11.383333333333333
df40e5df-3159-41d8-8c27-6ac6d1aa7c33,15.95
74964cd7-f1b4-479f-a532-30a730887020,14.683333333333334
e2941ef9-dc2e-4404-9233-efe258459e6e,16.75
b1ee4f6b-2ac7-4ce3-95c6-f72a5815ea02,9.483333333333333
4c1970e4-08d9-4c31-aa9f-7544623ca1a7,5.016666666666667
f25a1e8f-1908-4670-9f65-abb307011b33,14.75
83ee49c3-b303-4fb1-b597-3953cf20bc8e,37.0
748572d2-6c07-44fe-aeae-4ead1f302981,12.833333333333334
6d33e4fc-73e9-4510-b036-1263dc0d3d74,7.25
eb2fa3bb-5bf5-4ff0-9b4f-d24c5d4f1ce7,3.3333333333333335
1d80cb48-a27b-493f-b93b-d9d99deb75a3,9.716666666666667
feeee904-2a12-4acf-a6e9-d2c7f00d67ad,10.6
b6e247ca-cd23-4730-a76d-f5ee75a6f47b,6.183333333333334
5cc9c131-4c04-4395-a784-976422c6e60b,31.866666666666667
1eaabdb8-3b70-404b-ac58-cceb94c90f88,16.85
23beccf6-f917-4728-b2e1-ec00ac46e436,7.416666666666667
2de1858b-964e-495d-bdc0-00a3b7a20240,10.85
e0fd41a1-0a22-4075-beff-6a9a728bdc4d,8.95
29857e6a-a595-4cf3-9e76-c1e81ed5f029,6.083333333333333
004126b6-5665-4159-93f1-6c15a307cf37,11.666666666666666
20be934d-a5dc-460d-8359-1901cbf2a93c,4.583333333333333
19797995-4a4a-4260-88d7-b594a2114be8,9.033333333333333
b471c0c8-7815-4b3f-b346-8627767f887b,21.716666666666665
003ca903-5d7f-491a-8aa4-e2088e9d5232,16.883333333333333
d870c618-ce1a-466e-968d-c072e9bf3966,11.916666666666666
77505c9c-dae2-43ff-8d8d-b05c1e6f46ea,16.1
b7c3bb2c-acc4-400c-9d35-ae6409d95eb1,17.533333333333335
88af7393-3222-424a-9e27-7b729303ef97,11.466666666666667
7d735e3a-25fd-47b8-856b-c51c8deb09f2,3.316666666666667
f7ad9066-db48-4db3-b1db-fa54a716d9ad,8.65
e899540d-e572-4895-bbf2-50671bf3c77b,6.05
4dab69e9-2f42-4066-977d-597158bdc795,8.333333333333334
f1f60ddf-5a94-493f-aa6f-92b4ad2aec29,11.083333333333334
7b0dbec4-53cc-41ba-9473-fd8b3a38d47b,23.433333333333334
66bf0ae8-5faf-4b3e-a6bf-53693dcd4377,12.05
dcf3a90c-0fcd-4fa1-92d2-3fd753c63483,6.266666666666667
991f1ec0-b2df-424f-a9c4-de6d7582869a,10.2
6bbacad9-a0b5-48d9-8515-f61c0a00b7a6,13.566666666666666
4ae2a80c-e928-4541-98f8-fcb18cb98540,6.733333333333333
dfb07d22-74c6-4820-823d-74b354437c3c,21.683333333333334
0af19eeb-ca45-440a-a8b5-ea012e8c79b3,13.6
5696c2c5-82d8-43e8-ab20-4034ab15570b,4.166666666666667
ab926b67-2e15-4e8c-9159-11425542349b,2.8333333333333335
ab3bf3d7-f5dc-42aa-bbcb-9ae38d9a28a4,16.566666666666666
2980398a-41d4-454e-b834-a41c9e28f0e4,8.0
005afafe-6022-4308-bc72-2105d8d3f881,11.483333333333333
de9873fe-ea0d-4f23-9571-530b4ba53279,3.8833333333333333
d5db8e5b-d866-4fcf-b277-02fd5d20873f,8.3
5de78a91-2a33-4c48-b8bb-818c8a661a0a,10.666666666666666
3b690d92-348f-47a0-b3bc-c0281bac5f05,28.116666666666667
5ed1ddc2-5260-4b0d-99ff-ed38c870169c,8.65
56d0acea-ca95-4924-91c2-dafae93124b8,4.333333333333333
7f308eef-5035-4fc8-83e4-70c7a55457a7,5.5
8073b3ec-672e-4a56-8d10-9e487c54d17d,17.2
723515c9-9858-469a-b0e7-fd9362fdec3e,4.4
9b38dc0d-9cb0-4fc2-833a-c6857f2a31c6,12.933333333333334
95a0c09e-695a-404c-a486-793975182361,25.666666666666668
040bfba9-a8e6-4acb-9a61-1ce195fda92a,5.6
e2b66f0e-6e89-48e8-a9cc-e9ae978aa8ca,0.13333333333333333
4bdd9c5d-2aa3-4da6-9b76-9b406eeac18b,37.083333333333336
071448d9-c72f-4f26-a560-0e3ecd980a47,6.583333333333333
dfcdae25-7ef2-4f6b-925e-41a49f476261,13.65
e9acabb8-d962-4221-85d1-fa474a09c002,6.866666666666666
0125ff8b-c443-454f-8668-741fcbebc676,11.45
f5ea59e4-b41a-45b9-bb8b-76ae44f4882e,14.433333333333334
615a8d69-0217-4339-9d6b-83e8db0c6e04,0.05
025bdc50-1306-449d-94cd-f98e88c7477f,15.833333333333334
320f6671-bee9-4bdf-9a04-a0a7b6cb0609,4.866666666666666
a68ef03a-6d52-40fd-be4e-78b4b91b3f5b,20.183333333333334
ee37665a-071d-486d-9775-97b575bb45bf,16.683333333333334
23ac4c2b-26d8-446e-8f4e-13205019331c,32.78333333333333
b2ce9931-add0-4be4-b74f-b2a800c852f6,3.6
24f46cd3-73df-4a28-894f-09efd67e146e,13.766666666666667
f291e0f4-1311-4ccc-897a-48a8b9db2e74,2.0166666666666666
27613c96-6826-44b0-abe4-a92fb9938357,6.866666666666666
ef5e1a67-ce0d-4b7f-a382-467820da1917,5.35
0f191f8c-dd1c-4503-b5a1-51eaf219e997,3.683333333333333
e3fa85e0-91e8-483e-9989-197861c098ff,4.383333333333334
0f41e955-c12f-41de-86e8-bce61f8ea4f7,11.166666666666666
123d62ea-b230-4ed6-b072-adb1967534bc,12.3
23c63ce8-4594-499f-a349-b11f0ef9e4a8,3.15
f5e76847-6736-42de-9673-9df33fcc679c,0.06666666666666667
c6f2e935-00f6-4da7-8312-9acd3fbbc3ce,9.933333333333334
73ceea3b-7bc5-48a0-922a-6a0462142afc,0.016666666666666666
f5c6f791-3fdb-454d-863c-bd7e6f0883b4,16.633333333333333
6239b0b4-5a96-4b9f-a92f-fd7bb6f8af3b,0.03333333333333333
d4b59651-050a-42fa-9ad8-3adb5ed33907,27.95
5e79930f-835a-4f57-b1af-c28cf683a988,8.133333333333333
bd2cdb6f-8670-411c-9cb7-3e822183e756,7.766666666666667
727a72ee-e3ea-4ba5-8dd7-2b37a546b3c3,25.133333333333333
18f2fb69-b711-4795-bd82-0a2764e7ed4d,15.95
d8ebba78-e2eb-47d9-937a-3f8460984d5c,8.0
56e0b877-932a-41de-90d9-8edd7f33aaa0,13.716666666666667
6e599fd0-4881-46aa-b151-e7e6a54f9099,14.933333333333334
1dca86a7-33ae-46f6-9224-8d026acd783b,6.333333333333333
edc1c4c7-417a-4684-9678-d19ec1851abf,9.5
75a3666f-6036-4bd1-9310-75081cdb8dbc,14.9
065ceca2-033e-4e76-860f-7b5a2266273e,2.533333333333333
02c8e91c-3c09-46e8-b0d4-cb98bd935e7d,20.1
1b85ab60-1d5b-46e7-bb9d-237fba084bb1,10.6
b25d7a01-a1ec-4990-a1c3-32193727278f,13.933333333333334
716ba144-a717-4da6-bd3d-67ab047327f2,7.85
6aed9298-81a5-4ab4-84ea-ae9d99182e55,0.08333333333333333
062aadef-9f81-44c0-a0d3-97dad4c7e2a2,18.166666666666668
5cda9b9c-290d-460d-a54a-48b27d9474db,4.816666666666666
ff79be86-fa2c-464f-a2f5-64d489f5817a,3.783333333333333
5f622586-8c07-41d6-9e79-a56837ec4bda,8.666666666666666
70de138d-c3e4-4aff-b4d2-bd27e49e9614,4.783333333333333
2ee4f24f-98a0-4632-bd9f-ad403115085b,10.216666666666667
9e5dafa7-9fcb-4de8-bc43-949dc2c9a7bc,7.65
9597b228-a44b-4444-98ea-39efe247f399,4.783333333333333
3f5cad3d-c428-4775-9dfb-0425494d3aef,7.416666666666667
07c6a70b-5c25-47b4-9c1a-e6192a9f559e,4.233333333333333
3f9493bb-39cf-4c4a-9172-ceab9a657f3c,19.866666666666667
791b958e-0c32-43e6-bde9-9060e1412229,10.433333333333334
8c1efa2f-691f-40da-ab1f-820106d41555,3.6166666666666667
577308ab-83b9-45f4-b95a-bc04440b3626,17.516666666666666
9e8ed1ee-2f44-4ad1-adfc-a3d45591c519,41.2
94d98ab8-e30b-483d-8cb5-de0f247ae27f,1171.8666666666666
f06ac927-2dc5-4060-bdec-fa4331c6e792,18.333333333333332
f48eb31f-7fb3-4396-8ad6-edf8f6dd0c4e,21.916666666666668
747ce60b-a657-4a11-a548-3cc80eea4b52,9.3
85e7c7db-0935-4957-acc5-36ff95ad7c34,10.0
e9463aad-c00d-49c6-a2c3-1481789ad0c2,3.6
4dc4a830-ed10-4356-8526-2dc56f9f0969,12.966666666666667
7badc6e1-fbc5-4031-a51f-92e70559f6e3,4.083333333333333
99b8d0f6-e310-4705-a9d1-280c511ea87a,0.05
3d41aaa5-05be-47a6-a547-6ec6a65ca8d4,50.3
d64ab641-07f7-4f08-955b-01ff8157d951,9.583333333333334
79b663ee-bb74-42c6-97f0-0cb022650205,11.066666666666666
09bdd453-87b8-43c1-ac2f-1bc8b212dfea,8.15
edd0c5a8-9064-47f0-96bf-335465aca136,15.966666666666667
a401b5ac-54ce-4f25-8b14-98c1a696b73f,9.95
aa631b82-cfd3-49c4-9880-9d3b560e3a86,14.983333333333333
0a7b9d17-2bbb-4688-8269-b703f86d8aee,2.7666666666666666
ea92ea6a-5add-45d2-90fa-5b59757e0af4,10.516666666666667
a3ab2d9e-b121-4597-8902-7a5ff6aa695c,17.916666666666668
b340403a-5884-4762-b048-9ac480430e9f,3.1333333333333333
c47a8396-7b61-435b-b2ca-c6bb5b9c525e,9.566666666666666
8c43928f-fdb6-41aa-b6cd-054b6bbc526f,5.833333333333333
b60d71b4-6871-4af1-b8dd-565a9ca2140e,7.783333333333333
411b34b3-2e6b-47c4-ba5a-251ea9e2383d,8.866666666666667
d2f97d63-3939-486f-bc44-d61069bdcd3e,17.35
a132fec8-c205-4ac9-ac5b-5ba0c3e51cb9,6.566666666666666
d9a2ea64-f9bc-4694-bd6d-d7c0a06f0f2c,36.21666666666667
cd43f574-0cfa-43e3-9d58-a174f3a34e56,11.733333333333333
c25ed74d-a0d0-4953-b558-35f4a9097aa3,5.0
2f046aeb-f298-4645-8b97-f498fef12389,10.566666666666666
ba7bfcc9-8aad-414b-8bf7-4cbaf141d435,8.8
2b5091bd-dba6-4c31-b312-7c578bdd6a86,15.45
1d2d205f-c2f5-4585-9cff-e7de567c0f4b,11.216666666666667
c5de4f72-947e-49ae-b14b-58c9be789fc6,6.15
44c42b78-462b-4708-b3ad-1bd7b33b4c7d,12.2
a726789e-5f97-4f2f-a58c-02daeb104169,4.116666666666666
806dba64-3a29-4bcb-8c50-5d1e9bb50425,10.833333333333334
75bd4e1d-bc3d-4c90-84d2-55f0d9550125,14.5
40222d38-4f04-4f9b-a19e-4250e43159a2,19.166666666666668
4889b6af-5d5f-4895-862e-a68fca3306bf,16.216666666666665
01caa5eb-dcaa-4b6b-be2f-f716bac67dde,7.933333333333334
9c0e7d3c-f217-4474-bdac-4f715273b67b,3.933333333333333
c2a33650-5a9e-4987-a301-deb87daafab7,12.216666666666667
1afcc84b-69f6-408f-be55-83edbf4b956b,11.383333333333333
75f865f2-cb87-4ed6-90e8-2b003066b836,24.866666666666667
